tele_id,username,balance,status,notes,gift
1005308625,cuong1204hh,5000.0,active,auto from bot,
1018467621,kutitec,10000.0,active,auto from bot,
1029008335,fb47media,5100.0,active,auto from bot,
1034595461,cuongutc,4000.0,active,auto from bot,
1051763560,zungnau,5000.0,active,auto from bot,
1053280868,quangtruong1311,2000.0,active,auto from bot,
1057489186,,5000.0,active,auto from bot,
1058056970,,5000.0,active,auto from bot,
1066550176,mrk8386,5100.0,active,auto from bot,
1069643582,dogbanh,2000.0,active,auto from bot,
1071751363,natsupy,5000.0,active,auto from bot,
1076277252,daoviet1,2000.0,active,auto from bot,
1078844608,Khanhtran_87,5000.0,active,auto from bot,
1087464134,HoangThienDe,5100.0,active,auto from bot,
1091439125,lvctbkt,4000.0,active,auto from bot,
1094543907,khuetrann,2100.0,active,auto from bot,
1101394661,Sadvailon,5000.0,active,auto from bot,
1101771548,dkmvn,5000.0,active,auto from bot,
1104754898,Thomas3810,5100.0,active,auto from bot,
1105828020,thainguyen2512,2100.0,active,auto from bot,
1113935301,chaunemoinguoi,5000.0,active,auto from bot,
1128655421,nguyendanh041,5100.0,active,auto from bot,
1133020263,ddinhtien183,5000.0,active,auto from bot,
1136294001,phamminhhoangbmt,5100.0,active,auto from bot,
1138044560,,4000.0,active,auto from bot,
1138696188,JAYTELAJ,5100.0,active,auto from bot,
1140209727,lecuong467,0.0,active,auto from bot,
1142685936,idkLulzsec,1000.0,active,auto from bot,
1145742883,,5000.0,active,auto from bot,
1150626487,SheldonCoad4,1000.0,active,auto from bot,
1164335781,daodhoai,100.0,active,,Ban Vĩnh Viễn
1166925303,tez0x,5100.0,active,auto from bot,
1169693484,Doctorgatintin989,5000.0,active,auto from bot,
1170626142,Khoi0401,7000.0,active,auto from bot,
1176618707,hung141999,5100.0,active,auto from bot,
1191812182,maianhh8827,2000.0,active,auto from bot,
1201338608,dminh30_11,0.0,active,auto from bot,
1204125067,peternguyen0107,27100.0,active,auto from bot,
1207505782,thanhhoen,5000.0,active,auto from bot,
1216625465,,555.0,active,auto from bot,
1223735001,abcd_i_love_u,5100.0,active,auto from bot,
1238257108,haihoang23132,5000.0,active,auto from bot,
1240409421,huynhdung63,15000.0,active,auto from bot,
1242627060,Miracle9611,5100.0,active,auto from bot,
1249784308,lekhanhtoancrypto,8100.0,active,auto from bot,
1251213756,pod112233,4000.0,active,auto from bot,
1252271374,BinD2002,0.0,active,auto from bot,
1252448138,dinhvanha194,5000.0,active,auto from bot,
1263830714,,5100.0,active,auto from bot,
1264872333,AlexD138,5000.0,active,auto from bot,
1272337025,risaaamagfiroh,5000.0,active,auto from bot,
1275458553,Huyp13,100.0,active,auto from bot,
1276723511,,5000.0,active,auto from bot,
1280538571,hovanla,3000.0,active,auto from bot,
1281033193,anhvukk1997,4000.0,active,auto from bot,
1287244002,,5100.0,active,auto from bot,
1300240795,cuubuxd,0.0,active,auto from bot,
1301496546,Phamtuean,4000.0,active,auto from bot,
1301874116,,0.0,active,auto from bot,
1305055108,DungHit,9100.0,active,auto from bot,
1312048997,,5000.0,active,auto from bot,
1314868057,Xukachatsex,0.0,active,auto from bot,
1316035118,,4100.0,active,auto from bot,
1323130369,thanhnhan678,4100.0,active,auto from bot,
1326141804,huutrungqz,5000.0,active,auto from bot,
1329352707,nguyenotis999,5100.0,active,auto from bot,
1329695447,Thibe102,5100.0,active,auto from bot,
1333197227,lucyyz2,12000.0,active,auto from bot,
1338290779,Hungtv2508,4000.0,active,auto from bot,
1341824944,b4cut,7000.0,active,auto from bot,
1343825056,Trunghd95,4100.0,active,auto from bot,
1357162921,,4100.0,active,auto from bot,
1357964761,,21000.0,active,auto from bot,
1373210941,duydaydungso,5000.0,active,auto from bot,
1373913529,leol1213,1100.0,active,auto from bot,
1376231424,Rancobi,5000.0,active,auto from bot,
1376388652,Bangg113,5000.0,active,auto from bot,
1376692494,mykenny05,5100.0,active,auto from bot,
1386680996,lamhung6,5100.0,active,auto from bot,
1389108932,kisieukute02,5100.0,active,auto from bot,
1390639458,tuan129099,4000.0,active,auto from bot,
1395445811,Meee87654,5000.0,active,auto from bot,
1406788998,shinotandung,8000.0,active,auto from bot,
1408667871,Tiieunhi,26000.0,active,auto from bot,
1421364323,,5000.0,active,auto from bot,
1427994380,,16000.0,active,auto from bot,
1431590646,bytiby,436000.0,active,auto from bot,
1436355133,ledat1991,5100.0,active,auto from bot,
1438559071,levanthais5104,100.0,active,auto from bot,
1438914264,thaptampunnn,4000.0,active,auto from bot,
1442166473,phamcuong05,5100.0,active,auto from bot,
1445532371,luctn20k,5100.0,active,auto from bot,
1451774150,,5100.0,active,auto from bot,
1466184576,tomo1805,5000.0,active,auto from bot,
1467262695,HoTroSPE,5100.0,active,auto from bot,
1472255952,Maximizer26,5000.0,active,auto from bot,
1474851594,AdamNgux,4100.0,active,auto from bot,
1475275423,,0.0,active,auto from bot,
1479691678,Ngocnek19,2000.0,active,auto from bot,
1481034611,haile010,6100.0,active,auto from bot,
1482287307,,5000.0,active,auto from bot,
1483985221,hihihi199x,4000.0,active,auto from bot,
1484832199,hongtony97,9000.0,active,auto from bot,
148534973,ryan3066,5000.0,active,auto from bot,
1503699189,tranthanhminh01,5000.0,active,auto from bot,
1508636048,Thanhvo206,5000.0,active,auto from bot,
1549678348,,5000.0,active,auto from bot,
1570471295,justinn002,8000.0,active,auto from bot,
1573609060,younghan1368,5100.0,active,auto from bot,
1585210374,trangphd,0.0,active,auto from bot,
1591874761,spyderman088,27100.0,active,auto from bot,
1593533130,gabeohuan,5000.0,active,auto from bot,
1602781553,hoangthang352,5000.0,active,auto from bot,
162239574,tranhongduong,5000.0,active,auto from bot,
1626470706,alice20010090,9000.0,active,auto from bot,
1639038104,tentoila1,5100.0,active,auto from bot,
1644657217,kaharachan,5000.0,active,auto from bot,
1644969224,coongming,21100.0,active,auto from bot,
1658061754,ngcuong91196,17000.0,active,auto from bot,
1660213340,LupinDesign,5100.0,active,auto from bot,
1663778542,Meoow3010,0.0,active,auto from bot,
1666109533,,1000.0,active,auto from bot,
1670096923,,21000.0,active,auto from bot,
1681586042,tho3mau,5100.0,active,auto from bot,
1681985916,onezmax,0.0,active,auto from bot,
1695742209,Mie1230,3000.0,active,auto from bot,
1699665751,quynhnhu03111,0.0,active,auto from bot,
1699877358,anhtuann,5100.0,active,auto from bot,
1713333840,sugidepzai,5100.0,active,auto from bot,
1714857909,Dat_roon_94,30500.0,active,auto from bot,
1718349586,Eusdasa,0.0,active,auto from bot,
1723394733,,10000.0,active,auto from bot,
1724813435,Maximumls,7100.0,active,auto from bot,
1727323703,thv1818,6000.0,active,auto from bot,
1730720290,hhtjhjhgj6jy,10000.0,active,auto from bot,
1732864536,Kpianna,5000.0,active,auto from bot,
1734013383,sipteaa,3100.0,active,auto from bot,
1742007179,,100.0,active,auto from bot,
1747438647,sanhoje,5000.0,active,auto from bot,
1749457143,hieunguyen1103,5000.0,active,auto from bot,
1760904564,pequynh011,23000.0,active,auto from bot,
1765638274,,5000.0,active,auto from bot,
1772345062,,6000.0,active,auto from bot,
1773070637,,7000.0,active,auto from bot,
1782187664,khoinguyenk6,3000.0,active,auto from bot,
1789106585,,5100.0,active,auto from bot,
1800493948,minhhanh96,2000.0,active,auto from bot,
1803261212,Tmydzhehe,2100.0,active,auto from bot,
1805081136,Chithuan,5000.0,active,auto from bot,
1806929453,fyrasweety,5000.0,active,auto from bot,
1811726163,Hang0342117939,3000.0,active,auto from bot,
1813940586,Giang37VN,0.0,active,auto from bot,
1816895546,dieubong_bma,100.0,active,auto from bot,
1821991333,KHANHHOAN123,5000.0,active,auto from bot,
1831023820,richard_ne,5000.0,active,auto from bot,
1831632556,tuan246172,100.0,active,auto from bot,
1835540747,,5000.0,active,auto from bot,
1835880953,DN1701,0.0,active,auto from bot,
1840018506,Dgvippro,0.0,active,auto from bot,
1843123013,,5100.0,active,auto from bot,
1848170503,thuann011,0.0,active,auto from bot,
1848562283,pharaxitamon,5000.0,active,auto from bot,
1859717167,linhhoncuagio,21000.0,active,auto from bot,
1860892639,nv_minh,5000.0,active,auto from bot,
1872273560,,5100.0,active,auto from bot,
1874262757,,5100.0,active,auto from bot,
1876587771,qnt205,7000.0,active,auto from bot,
1879650901,,5000.0,active,auto from bot,
1882434692,dichvugiare,5000.0,active,auto from bot,
1888477645,pcthuong,6000.0,active,auto from bot,
1890267959,ctv141,5100.0,active,auto from bot,
1893634657,,5000.0,active,auto from bot,
1893740635,Moideunhuy,0.0,active,auto from bot,
1899312746,,42000.0,active,auto from bot,
18993x,,3000.0,active,auto from bot,
1900437026,,5100.0,active,auto from bot,
1908376054,,5100.0,active,auto from bot,
1909283005,huulong01,5100.0,active,auto from bot,
1909543861,dgvantu911,5100.0,active,auto from bot,
1913184154,,5100.0,active,auto from bot,
1920862948,iukhang,0.0,active,auto from bot,
1927386970,ngocgonsin,5000.0,active,auto from bot,
1939579823,storysad2005,0.0,active,auto from bot,
1942572611,Vladimir_Putin_9,5100.0,active,auto from bot,
1948443133,baou312,18000.0,active,auto from bot,
1958792886,minhngoc0604,5000.0,active,auto from bot,
1964925570,vincent0009999,2000.0,active,auto from bot,
1966664056,,0.0,active,auto from bot,
1967577277,thanhduc994,5000.0,active,auto from bot,
1969557299,NguyenVuViet,5100.0,active,auto from bot,
1971375797,thanguyn,0.0,active,auto from bot,
1978011221,,5000.0,active,auto from bot,
1985802886,minnnnmi,4100.0,active,auto from bot,
1988827016,hoangsanggg,5000.0,active,auto from bot,
1989601017,Sthang,0.0,active,auto from bot,
1993652516,aduhehehe,5100.0,active,auto from bot,
1995004064,phuongnh789,10100.0,active,auto from bot,
1999478799,BonBonxHPx,98000.0,active,auto from bot,
2007602251,Trasua1389,3000.0,active,auto from bot,
2011985315,daicanqt,0.0,active,auto from bot,
2013211834,,6000.0,active,auto from bot,
2015482753,abcss113,100.0,active,auto from bot,
2015495686,oatdopac,5100.0,active,auto from bot,
2019764986,huyenunu,2100.0,active,auto from bot,
2030287842,hoaianhhaha,10000.0,active,auto from bot,
2033075262,tuvatnguyenngoc,3000.0,active,auto from bot,
2040026087,,100.0,active,auto from bot,
2045993855,thanhdevil75,0.0,active,auto from bot,
2054833462,,4100.0,active,auto from bot,
2055590966,tinhht1204,4100.0,active,auto from bot,
2066112782,,100.0,active,auto from bot,
2066334003,Ngoclan1503,3100.0,active,auto from bot,
2067126604,Haune2006,5100.0,active,auto from bot,
2071064272,,5100.0,active,auto from bot,
2079279533,kimthanh137,1100.0,active,auto from bot,
2090007887,ndthtnt,3100.0,active,auto from bot,
2098092287,duonglsld,5000.0,active,auto from bot,
2102311756,,3100.0,active,auto from bot,
2102679787,Luu786,5000.0,active,auto from bot,
2108441968,,5000.0,active,auto from bot,
2109824192,,5100.0,active,auto from bot,
2111792828,Nccm2,5000.0,active,auto from bot,
2115515516,phlinh21,5000.0,active,auto from bot,
2116749379,shforwork,14000.0,active,auto from bot,
2125288273,Ahthw616,2100.0,active,auto from bot,
2130056347,nahk176,4100.0,active,auto from bot,
2131375311,siro99888,0.0,active,auto from bot,
2135963502,Tunagggggh,5000.0,active,auto from bot,
2143175828,Nguyennene,5100.0,active,auto from bot,
2144298958,,5100.0,active,auto from bot,
337751014,Dkhoa2012,5100.0,active,auto from bot,
353419344,TuiHyNe,4000.0,active,auto from bot,
354906330,UgreennC,0.0,active,auto from bot,
358071381,donzindao,5000.0,active,auto from bot,
367907378,ngvanthieu94,5000.0,active,auto from bot,
372186109,quanth,5000.0,active,auto from bot,
375746726,evaadel,5000.0,active,auto from bot,
394591240,luxter909,5100.0,active,auto from bot,
409146926,thamthiaa,5100.0,active,auto from bot,
431724796,hnhan0202,3000.0,active,auto from bot,
440855917,min011217,5000.0,active,auto from bot,
442325837,Nhnd1908,0.0,active,auto from bot,
455896715,facker69xx,74100.0,active,auto from bot,
462605638,congthuan0489,5000.0,active,auto from bot,
481485198,tiktak2k,29200.0,active,auto from bot,
5002022893,let2333,5100.0,active,auto from bot,
5004761484,lecuong2907,0.0,active,auto from bot,
5006668278,,100.0,active,auto from bot,
5009833854,Mrkool2001,5100.0,active,auto from bot,
5012617851,Ngng95t,0.0,active,auto from bot,
5015479202,,5000.0,active,auto from bot,
5016187846,Anita9s,5000.0,active,auto from bot,
5023530595,HDao123,5000.0,active,auto from bot,
5024236323,cuongcuongo,0.0,active,auto from bot,
5031270518,TuongNgocLinh,3000.0,active,auto from bot,
5031965688,Hannan173,3100.0,active,auto from bot,
5041986389,,4000.0,active,auto from bot,
5042407850,vanducn,5100.0,active,auto from bot,
5047067655,,1600.0,active,auto from bot,
5047874145,trinhminhman,0.0,active,auto from bot,
5048324781,nghiengaixinhVN,5100.0,active,auto from bot,
5048675120,kaiphong,3000.0,active,auto from bot,
5053203885,Ku123ss,3000.0,active,auto from bot,
5057028654,Doidaukhoqn155,44600.0,active,auto from bot,
5059757215,,6000.0,active,auto from bot,
5062517917,thanh1801,8000.0,active,auto from bot,
5071381609,,5100.0,active,auto from bot,
5075601382,,5000.0,active,auto from bot,
5083001324,Non_ames,0.0,active,auto from bot,
5097063078,zithanhtrn,49600.0,active,auto from bot,
5107422109,Antammn,4100.0,active,auto from bot,
5108888613,thao170,0.0,active,auto from bot,
5117006532,vailonll,0.0,active,auto from bot,
5132790599,,5000.0,active,auto from bot,
5138095328,Nguyenhoang999999,4000.0,active,auto from bot,
5138225558,That528,100.0,active,auto from bot,
5141190629,tropical18,5000.0,active,auto from bot,
5142807734,,1100.0,active,auto from bot,
5145865177,baobei33,3100.0,active,auto from bot,
5146185921,vuhainam6423,5000.0,active,auto from bot,
5147769185,,3100.0,active,auto from bot,
5149694211,SlowRangTo,5100.0,active,auto from bot,
5153896048,,5100.0,active,auto from bot,
5160130780,Nguyen_Hong_Vann,5100.0,active,auto from bot,
5182587634,HuynhHanh2505,6000.0,active,auto from bot,
5185215492,ahihibdar,5100.0,active,auto from bot,
5187331525,,31000.0,active,auto from bot,
5197631140,tranducmanhx4,5000.0,active,auto from bot,
5201737086,,5000.0,active,auto from bot,
5208951832,,5000.0,active,auto from bot,
5209232008,,5100.0,active,auto from bot,
5209541917,,5000.0,active,auto from bot,
5211634445,xinaday,5000.0,active,auto from bot,
5215075560,xment8894,5100.0,active,auto from bot,
5220634346,callmecorn1612,5100.0,active,auto from bot,
5222306851,annhien0129,5000.0,active,auto from bot,
5222861139,v_ros3mary,5100.0,active,auto from bot,
5226164953,hieu09152,100.0,active,auto from bot,
5232292112,Kemzxz,5100.0,active,auto from bot,
5232474726,,5100.0,active,auto from bot,
5234769955,hungng0c,15000.0,active,auto from bot,
5237607469,gioi993,9500.0,active,auto from bot,
5247369828,alexempty,4000.0,active,auto from bot,
5247370737,,5000.0,active,auto from bot,
5247397654,aoma12b,5100.0,active,auto from bot,
5251486606,,100.0,active,auto from bot,
5257767745,Thuylinh05,4100.0,active,auto from bot,
5261350237,hoangmai12345,82600.0,active,auto from bot,
5267246838,,5000.0,active,auto from bot,
5278569974,freefire889099,5000.0,active,auto from bot,
5288944692,,5000.0,active,auto from bot,
5293656843,nguyengnuyen,0.0,active,auto from bot,
5294667106,caucanhatom,5000.0,active,auto from bot,
5297189638,Hoainguyen5596,5100.0,active,auto from bot,
5299673572,hiepvt3,13000.0,active,auto from bot,
5300135380,tuananhngx,5100.0,active,auto from bot,
5306274040,,0.0,active,auto from bot,
5307153366,Dgnhubgy104,0.0,active,auto from bot,
5310996372,,5100.0,active,auto from bot,
5312704708,miss_lanhoem,5000.0,active,auto from bot,
5313330989,kgdyvbh,10000.0,active,auto from bot,
5317278303,Haibeoohdud,0.0,active,auto from bot,
5320239912,,19000.0,active,auto from bot,
5330586785,,3100.0,active,auto from bot,
5334567654,nhungta210684,22500.0,active,auto from bot,
5334931339,,5000.0,active,auto from bot,
5345950773,minh15sadasw,0.0,active,auto from bot,
5349980319,Iuphuocan,0.0,active,auto from bot,
5354880216,minhhuy205,5100.0,active,auto from bot,
5354901957,kingsolomon210,5100.0,active,auto from bot,
5358301714,,100.0,active,auto from bot,
5359871300,tunteta,5100.0,active,auto from bot,
5361330587,,0.0,active,auto from bot,
5362317323,,5000.0,active,auto from bot,
5363781024,hungnbyt1,5100.0,active,auto from bot,
5374445123,kn3939,3000.0,active,auto from bot,
5374622384,VuHaa,5000.0,active,auto from bot,
5376728428,,22000.0,active,auto from bot,
5382387583,tieuhungvip,0.0,active,auto from bot,
5391288038,xuchanghehe,47000.0,active,auto from bot,
5391304892,hunggqb,4100.0,active,auto from bot,
5392984232,giahuy_25,12100.0,active,auto from bot,
5393445670,,4000.0,active,auto from bot,
5399933397,Zzjkkk888,5000.0,active,auto from bot,
5403477605,haha150808,7500.0,active,auto from bot,
5405652822,havienban82,0.0,active,auto from bot,
5416428259,,5100.0,active,auto from bot,
5419696657,Boday1204,16000.0,active,auto from bot,
5426114965,,2100.0,active,auto from bot,
5427173061,gamebaicode,6000.0,active,auto from bot,
5427627898,,0.0,active,auto from bot,
5429667141,nguyenthanhvan9117,4100.0,active,auto from bot,
5433944206,Taylor7744,5100.0,active,auto from bot,
5445183810,,8000.0,active,auto from bot,
5447280758,datthanh1208,0.0,active,auto from bot,
5451043999,hjen8,10000.0,active,auto from bot,
5451983997,myny12,4000.0,active,auto from bot,
5454905258,,5000.0,active,auto from bot,
5459668567,zentlo,5000.0,active,auto from bot,
5460301595,Driftymer,100.0,active,auto from bot,
5461890127,Nhanchau0703,7000.0,active,auto from bot,
5462931622,,104100.0,active,auto from bot,
5465312797,,5100.0,active,auto from bot,
5465432852,,26100.0,active,auto from bot,
5470111004,thienphuc027,5100.0,active,auto from bot,
5471685782,,5000.0,active,auto from bot,
5472594364,aoxuankhan123,4100.0,active,auto from bot,
5487506567,,14000.0,active,auto from bot,
5487680065,shopaccthinhsuy,5100.0,active,auto from bot,
5490296886,,17000.0,active,auto from bot,
5491112398,hihikk77,5100.0,active,auto from bot,
5494057441,Namnguyen2704,5100.0,active,auto from bot,
5498752841,Anvan47,5100.0,active,auto from bot,
5499670040,,5100.0,active,auto from bot,
5502165528,winne203,2100.0,active,auto from bot,
5502577569,htt2oo3,5000.0,active,auto from bot,
5502690818,phuocdzvcll,3000.0,active,auto from bot,
5506884749,Insidiousness1,0.0,active,auto from bot,
5507190553,,5100.0,active,auto from bot,
5508380175,keomutcutelam,5000.0,active,auto from bot,
5510403814,,5000.0,active,auto from bot,
5514169649,rabitxm,0.0,active,auto from bot,
5515054975,,5000.0,active,auto from bot,
5516642622,,5100.0,active,auto from bot,
5526177457,nguyen931,0.0,active,auto from bot,
5526673072,,0.0,active,auto from bot,
5532990732,,12100.0,active,auto from bot,
5535300061,nicknguyen99,4100.0,active,auto from bot,
5538596307,Huwo06,4100.0,active,auto from bot,
5538665262,ngocbao2586,0.0,active,auto from bot,
5540184010,,5000.0,active,auto from bot,
5550977769,usernamee8626,19000.0,active,auto from bot,
5551827431,xinitpage,5000.0,active,auto from bot,
5553372755,,5100.0,active,auto from bot,
5554594974,dieulinh_16,4000.0,active,auto from bot,
5555222309,ngm207,0.0,active,auto from bot,
5565642464,,10000.0,active,auto from bot,
5572663535,nhingimanhindongu,0.0,active,auto from bot,
5572671808,hoangy0902,5100.0,active,auto from bot,
5573714342,,5100.0,active,auto from bot,
5583690404,scanebay,100.0,active,auto from bot,
5588886998,,0.0,active,auto from bot,
5590495596,Hochirino,4100.0,active,auto from bot,
5590542887,,0.0,active,auto from bot,
5595862891,,5000.0,active,auto from bot,
5600893528,,18200.0,active,auto from bot,
5601326169,heyitspii,5000.0,active,auto from bot,
5601820812,,5000.0,active,auto from bot,
5611067547,,5000.0,active,auto from bot,
5614786311,,0.0,active,auto from bot,
5618074167,,4100.0,active,auto from bot,
5619797764,,5100.0,active,auto from bot,
5624631474,Tuun07,5100.0,active,auto from bot,
5645218175,Ben100a,0.0,active,auto from bot,
5646507086,Btime3,5100.0,active,auto from bot,
5648726363,maili1231,5000.0,active,auto from bot,
5651929215,tungtml,4000.0,active,auto from bot,
5652362359,viethung7780,8100.0,active,auto from bot,
5653138460,,5100.0,active,auto from bot,
5659885921,Phatkhang,10000.0,active,auto from bot,
5660356630,,0.0,active,auto from bot,
5662520938,anhnguyenk,5000.0,active,auto from bot,
5663480322,,5100.0,active,auto from bot,
5666868038,hau0hauhah,4000.0,active,auto from bot,
5668528541,,0.0,active,auto from bot,
5670495236,hoangngocanh999,3100.0,active,auto from bot,
5672524637,ModLMT1,5100.0,active,auto from bot,
5673167321,khongchoiff,2000.0,active,auto from bot,
5674671976,,5000.0,active,auto from bot,
5676009557,,2000.0,active,auto from bot,
5680923689,toantsa,700.0,active,auto from bot,
5686543736,,10100.0,active,auto from bot,
5697503702,,5100.0,active,auto from bot,
5697672430,chang090422,8000.0,active,auto from bot,
5700086720,,5100.0,active,auto from bot,
5701469768,mikito247,5000.0,active,auto from bot,
5702032793,ciara2317,5100.0,active,auto from bot,
5710539455,trungorg66,5100.0,active,auto from bot,
5712635240,hauyamate,0.0,active,auto from bot,
5713424123,thainguyen1310,97000.0,active,auto from bot,
5727504733,,0.0,active,auto from bot,
5727584773,trieu2501,4000.0,active,auto from bot,
5735600262,MrHa26,0.0,active,auto from bot,
5743229743,Huylamm,0.0,active,auto from bot,
5752518023,,1000.0,active,auto from bot,
5754983832,,4100.0,active,auto from bot,
5757363410,Cuutruyen,4100.0,active,auto from bot,
5759867629,DucThinhEXE,5000.0,active,auto from bot,
5759869106,,4100.0,active,auto from bot,
5762094404,dotri180,2000.0,active,auto from bot,
5771768983,dinhlinh1,5000.0,active,auto from bot,
5775882497,hongcuc99hz,5000.0,active,auto from bot,
5780773973,dodanhvu,5100.0,active,auto from bot,
5780950053,thuw10,5000.0,active,auto from bot,
5786900774,Mrnhat49,5000.0,active,auto from bot,
5787285657,,5000.0,active,auto from bot,
5790380726,mimimeomoe,3000.0,active,auto from bot,
5792248020,pilastne,0.0,active,auto from bot,
5794082053,,5000.0,active,auto from bot,
5794593275,,3100.0,active,auto from bot,
5802561185,,5100.0,active,auto from bot,
5804877056,naynai_i,5000.0,active,auto from bot,
5813172476,thangbando,3000.0,active,auto from bot,
5818857070,,0.0,active,auto from bot,
5819298969,huuikw,5100.0,active,auto from bot,
5821788025,,1000.0,active,auto from bot,
5822770537,haune001,5100.0,active,auto from bot,
5824414134,massuki86,4100.0,active,auto from bot,
5833348183,caophong0,0.0,active,auto from bot,
5835843924,,5100.0,active,auto from bot,
5840644105,,5000.0,active,auto from bot,
5841345518,hoanghuy67,7000.0,active,auto from bot,
5842369417,zulyo2,100.0,active,auto from bot,
5844144363,hongmalzd,5100.0,active,auto from bot,
5844252917,Al_Bot07,9000.0,active,auto from bot,
5845204251,htrangcute,5000.0,active,auto from bot,
5845821566,,4000.0,active,auto from bot,
5846558693,just_p_tyler,13000.0,active,auto from bot,
5849690742,nhs277,2000.0,active,auto from bot,
5853241554,nguoileonui,0.0,new,auto from bot,
5860374544,liangde6886,5000.0,active,auto from bot,
5863663339,,5100.0,active,auto from bot,
5863864407,ngakewt,0.0,active,auto from bot,
5863951237,,5100.0,active,auto from bot,
5865785584,,125100.0,active,auto from bot,
5871817595,,5100.0,active,auto from bot,
5874017248,anhdep12377,100.0,active,auto from bot,
5874708750,,5100.0,active,auto from bot,
5875339593,linhhoncuagio2,0.0,active,auto from bot,
5889929957,cocaigi,5100.0,active,auto from bot,
5892329086,tranluat309,5100.0,active,auto from bot,
5893014519,conmenoaothe,5100.0,active,auto from bot,
5897948503,,5100.0,active,auto from bot,
5899575771,ntkien229,4100.0,active,auto from bot,
5901464018,Halinh244,3100.0,active,auto from bot,
5905252378,,18000.0,active,auto from bot,
5906908538,merikki,5100.0,active,auto from bot,
5911310834,quangno1pro,9100.0,active,auto from bot,
5914039520,,10000.0,active,auto from bot,
5915890875,linh22334,5000.0,active,auto from bot,
5916257742,,8100.0,active,auto from bot,
5918147130,rikaminh,0.0,active,auto from bot,
5936093631,,5000.0,active,auto from bot,
5942840932,,5000.0,active,auto from bot,
5945528093,,5100.0,active,auto from bot,
5946902941,,5000.0,active,auto from bot,
5947734957,binhnbo,5100.0,active,auto from bot,
5947763800,,9000.0,active,auto from bot,
5949446871,toila_ai,5000.0,active,auto from bot,
5955051508,,5000.0,active,auto from bot,
5957142483,YenNhiLtd,5000.0,active,auto from bot,
5958183160,Toanluu88,5000.0,active,auto from bot,
5961158247,,5100.0,active,auto from bot,
5961338930,,0.0,active,auto from bot,
5963687380,Zhetshi,0.0,active,auto from bot,
5964713691,vbac0605,5000.0,active,auto from bot,
5967932753,,6000.0,active,auto from bot,
5971910221,,5100.0,active,auto from bot,
5973472571,,5100.0,active,auto from bot,
5974726489,,0.0,active,auto from bot,
5979225466,truonghong111,18000.0,active,auto from bot,
5980140980,tran369,0.0,active,auto from bot,
5987402720,VNNoName,3100.0,active,auto from bot,
5990070320,,3100.0,active,auto from bot,
5990293383,,5100.0,active,auto from bot,
5991532391,phuonghoax,5000.0,active,auto from bot,
5991817398,,5000.0,active,auto from bot,
5993317884,hamaki1234,4100.0,active,auto from bot,
5999161295,,9100.0,active,auto from bot,
5999741080,safeupgrade,5000.0,active,auto from bot,
6000512168,xzschi,5000.0,active,auto from bot,
6001690655,,5100.0,active,auto from bot,
6003110327,,5000.0,active,auto from bot,
6003263237,dat_ng99,5100.0,active,auto from bot,
6010109801,,100.0,active,auto from bot,
6011479945,belasandy,3100.0,active,auto from bot,
6015519833,,100.0,active,auto from bot,
6019643523,,22100.0,active,auto from bot,
6027967443,,4100.0,active,auto from bot,
6031015240,nhatlong0501,5000.0,active,auto from bot,
6033919460,,10000.0,active,auto from bot,
6034025986,shane2410,5000.0,active,auto from bot,
6036508210,onthiennhan,3000.0,active,auto from bot,
6036981477,,2100.0,active,auto from bot,
6039703638,,5000.0,active,auto from bot,
6044186523,fixxoke,5000.0,active,auto from bot,
6045146840,changmiewii,2000.0,active,auto from bot,
6046775940,,5000.0,active,auto from bot,
6050229866,KokokoVN,5100.0,active,auto from bot,
6051800814,,5000.0,active,auto from bot,
6053160243,memoryreboot99,5100.0,active,auto from bot,
6055736799,unhi0401,5000.0,active,auto from bot,
6055798168,kaitoktol,100.0,active,auto from bot,
6060242988,mrbuiluyen,5000.0,active,auto from bot,
6060367381,,5100.0,active,auto from bot,
6060749771,,5100.0,active,auto from bot,
6061417972,wejztik,1100.0,active,auto from bot,
6062411594,changggggg05,0.0,active,auto from bot,
6063299407,,7100.0,active,auto from bot,
6070645796,th_dwng05,9000.0,active,auto from bot,
6073027105,,4100.0,active,auto from bot,
6077176066,anthanh107,5000.0,active,auto from bot,
6078404854,Abcuwn,100.0,active,auto from bot,
6078532897,truonglucqn,29500.0,active,auto from bot,
6082418007,Nguyenthuong28,14000.0,active,auto from bot,
6084833156,,39800.0,active,auto from bot,
6086416643,,5100.0,active,auto from bot,
6090525286,Long061105,0.0,active,auto from bot,
6090950130,tocxoan2608,13100.0,active,auto from bot,
6092451284,,5100.0,active,auto from bot,
6092504184,hnghien87,86000.0,active,auto from bot,
6092575800,hhcc12344,6000.0,active,auto from bot,
6093884537,hpsaomai,4000.0,active,auto from bot,
6099648985,biinh34,5100.0,active,auto from bot,
6103120367,Peheonho,0.0,active,auto from bot,
6107112006,Yvantran,5000.0,active,auto from bot,
6108669638,Butchi2809,5100.0,active,auto from bot,
6109823531,phuonganh2055,3000.0,active,auto from bot,
6110076986,,5100.0,active,auto from bot,
6111819391,Thanhtoan909,5000.0,active,auto from bot,
6113546591,HoangTuong99,5100.0,active,auto from bot,
6114500393,chouzhaon1688,8000.0,active,auto from bot,
6118739569,,3000.0,active,auto from bot,
6119809255,,5100.0,active,auto from bot,
6125919551,cua68123,2100.0,active,auto from bot,
6127945987,,5100.0,active,auto from bot,
6132350087,,5000.0,active,auto from bot,
6133828498,anhling53,4000.0,active,auto from bot,
6136203352,hoangdan91x,57500.0,active,auto from bot,
6140405385,,5100.0,active,auto from bot,
6141303280,,0.0,active,auto from bot,
6141837788,lanhngg,7000.0,active,auto from bot,
6143031851,Vantinhttt,5100.0,active,auto from bot,
6143985039,,5100.0,active,auto from bot,
6144694731,tranha121211,10000.0,active,auto from bot,
6145810946,Provippw2y,5000.0,active,auto from bot,
6147057706,Forwarm,5100.0,active,auto from bot,
6147719763,thinh1212,5100.0,active,auto from bot,
6150632873,Coincardbu,0.0,active,auto from bot,
6159457880,Thuy1412linh,100.0,active,auto from bot,
6159759508,,5000.0,active,auto from bot,
6165855479,quantu060,5100.0,active,auto from bot,
6171376393,,0.0,new,auto from bot,
6171455561,hanhxing,0.0,active,auto from bot,
6173079867,ph_uyen_ne,8100.0,active,auto from bot,
617332590,autowin92,5000.0,active,auto from bot,
6173652609,,5000.0,active,auto from bot,
6178151507,,5000.0,active,auto from bot,
6178938152,,0.0,active,auto from bot,
6178978371,,8000.0,active,auto from bot,
6183356880,Duongdzv,7000.0,active,auto from bot,
6184574647,Hoai_Tam01,5100.0,active,auto from bot,
6188906855,,5100.0,active,auto from bot,
6190137951,trangmai23,5100.0,active,auto from bot,
6192799184,,2100.0,active,auto from bot,
6197788266,xuannguyen853,5100.0,active,auto from bot,
6199171481,,5100.0,active,auto from bot,
6199370999,,5000.0,active,auto from bot,
6199637804,,14000.0,active,auto from bot,
6207678313,,1000.0,active,auto from bot,
6210941675,hnsg52738,100.0,active,auto from bot,
6212591344,,4000.0,active,auto from bot,
6213602181,rabitug,14000.0,active,auto from bot,
6217008133,,4000.0,active,auto from bot,
6218350450,,5000.0,active,auto from bot,
6218452458,,48500.0,active,auto from bot,
6218527426,Tranlot113,5100.0,active,auto from bot,
6229093605,,100.0,active,auto from bot,
6230354853,ginohuy,6100.0,active,auto from bot,
6231462205,dieacccom,0.0,active,auto from bot,
6235427306,pain_cte,100.0,active,auto from bot,
6236647868,quanghung1108,5000.0,active,auto from bot,
6236829045,joylavie2310,10000.0,active,auto from bot,
6238282880,ngqynanh,5000.0,active,auto from bot,
6238585276,nhatlee04,0.0,active,auto from bot,
6240736603,Thanhthanhskwo,1100.0,active,auto from bot,
6242029652,,5100.0,active,auto from bot,
6244075725,,0.0,active,auto from bot,
6245128442,thivgc,5100.0,active,auto from bot,
6249019858,,5100.0,active,auto from bot,
6251705995,yumeichen92,22500.0,active,auto from bot,
6254042638,mrh_196,5100.0,active,auto from bot,
6254551187,Hteam8206,4100.0,active,auto from bot,
6255037970,dpthao,100.0,active,auto from bot,
6256886741,,5100.0,active,auto from bot,
6257650126,hoangdan91,10000.0,active,auto from bot,
6260095029,LeNhu1993,20000.0,active,auto from bot,
6260492191,,5100.0,active,auto from bot,
6264329246,TINY_OKYNO,0.0,active,auto from bot,
6266196006,,5100.0,active,auto from bot,
6269215445,,0.0,active,auto from bot,
6270757859,,2000.0,active,auto from bot,
6271720319,,5000.0,active,auto from bot,
6272079806,minhngoc_06,5000.0,active,auto from bot,
6276505375,mituot365ngayy,5000.0,active,auto from bot,
6277370694,thao_day,20100.0,active,auto from bot,
6279439397,,24100.0,active,auto from bot,
6284544764,,9000.0,active,auto from bot,
6286651025,,3100.0,active,auto from bot,
6291429382,,5100.0,active,auto from bot,
6296016615,Phuctuong0510,2100.0,active,auto from bot,
6297225622,taolatoi,5000.0,active,auto from bot,
6297607540,,10000.0,active,auto from bot,
6303704161,lananhrabbit,3100.0,active,auto from bot,
6306547533,Blth0108,3000.0,active,auto from bot,
6310365092,anhiiiii,3000.0,active,auto from bot,
6310671998,hung140820,4100.0,active,auto from bot,
6311723693,,21100.0,active,auto from bot,
6311979655,giangcoicoi62,17000.0,active,auto from bot,
6312469759,Phuonglinh1412TL,6000.0,active,auto from bot,
6314031923,,1000.0,active,auto from bot,
6315090299,trangnguyen22_05,4000.0,active,auto from bot,
6318175962,diminet,5100.0,active,auto from bot,
6318834935,,5000.0,active,auto from bot,
6319648420,hongtam76,100.0,active,auto from bot,
6321182735,hainguyen017,5100.0,active,auto from bot,
6321973305,tai0091k,0.0,active,auto from bot,
6322387236,Thuan_1103,5000.0,active,auto from bot,
6325461572,habaochau8386,4000.0,active,auto from bot,
6327807003,,26600.0,active,auto from bot,
6328423717,,5000.0,active,auto from bot,
6329036817,ngocngan0410,2000.0,active,auto from bot,
6333943610,ngw_kahlin,5100.0,active,auto from bot,
6333999896,honganhdv,5000.0,active,auto from bot,
6336355114,,4000.0,active,auto from bot,
6337031154,,12000.0,active,auto from bot,
6337198505,phuong12062005,0.0,active,auto from bot,
6341750259,,5100.0,active,auto from bot,
6344588913,,2100.0,active,auto from bot,
6345519539,NguyenGiap9x,5000.0,active,auto from bot,
6348984702,Lion39799,5000.0,active,auto from bot,
6351469458,,5000.0,active,auto from bot,
6353549567,,5100.0,active,auto from bot,
6355022459,tranduong205,0.0,active,auto from bot,
6356273393,,100.0,active,auto from bot,
6356323003,Tuyenthang123,38600.0,active,auto from bot,
6356895800,,3000.0,active,auto from bot,
6357406033,phucchelsea98,17100.0,active,auto from bot,
6358326160,,5100.0,active,auto from bot,
6361105247,Macdangduong,5100.0,active,auto from bot,
6361547389,ntha20i,14000.0,active,auto from bot,
6363985262,khuiiihhhh,5100.0,active,auto from bot,
6365124934,Hung27122006,0.0,active,auto from bot,
6368081615,,0.0,active,auto from bot,
6369066830,,5000.0,active,auto from bot,
6370133282,cgfoxy88,5000.0,active,auto from bot,
6372453187,,5000.0,active,auto from bot,
6372928966,,5000.0,active,auto from bot,
6379351840,Fatkiti,100.0,active,auto from bot,
6384580081,chuong0612,0.0,active,auto from bot,
6388467685,hoanghai220323,14000.0,active,auto from bot,
6393154728,,0.0,active,auto from bot,
6394123056,N4hzxje,9100.0,active,auto from bot,
6394189749,tamynt,2000.0,active,auto from bot,
6396311219,hoangthai1310,41500.0,active,auto from bot,
6396474805,dat14230,100.0,active,auto from bot,
6399602464,,4100.0,active,auto from bot,
6400082048,,5000.0,active,auto from bot,
6401297206,Anhdungcmyk,5100.0,active,auto from bot,
6401767327,,5100.0,active,auto from bot,
6402530910,,5000.0,active,auto from bot,
6403080434,,5000.0,active,auto from bot,
6403753304,Khanhnhi_99,5100.0,active,auto from bot,
6403795502,,100.0,active,auto from bot,
6404576480,,5000.0,active,auto from bot,
6409186326,dathodon,5000.0,active,auto from bot,
6409755330,banykun102,5000.0,active,auto from bot,
6410822740,innasnbv,3100.0,active,auto from bot,
6413683798,,19500.0,active,auto from bot,
6419034181,,5000.0,active,auto from bot,
6427952434,mimiz683,5000.0,active,auto from bot,
6433498470,lemquadi,3100.0,active,auto from bot,
6434720022,hongquanak42,5100.0,active,auto from bot,
6438173090,,5000.0,active,auto from bot,
6438766842,ka47s,0.0,active,auto from bot,
6439707115,quynhnhu308,0.0,active,auto from bot,
6443715907,tuloan9292,100.0,active,auto from bot,
6444002048,jackyy8386,5000.0,active,auto from bot,
6447845709,nanave31,5100.0,active,auto from bot,
6449577399,,5000.0,active,auto from bot,
6452334953,natalya01923,5100.0,active,auto from bot,
6452954316,Gialongle,59000.0,active,auto from bot,
6453170707,,5000.0,active,auto from bot,
6455992855,Suxipo_Suxipo,5000.0,active,auto from bot,
6457658594,,5000.0,active,auto from bot,
6457788715,dungha123e,0.0,active,auto from bot,
6459582851,vietquat19,5100.0,active,auto from bot,
6461810816,,5000.0,active,auto from bot,
6464737320,,1000.0,active,auto from bot,
6466378470,,5100.0,active,auto from bot,
6473753478,,0.0,active,auto from bot,
6474756480,,5000.0,active,auto from bot,
6475227685,Moimoi2703,42500.0,active,auto from bot,
6475625702,crookerdie,5100.0,active,auto from bot,
6476697865,namnanzd,5100.0,active,auto from bot,
6477084358,,5100.0,active,auto from bot,
6478043783,bhngocn,6000.0,active,auto from bot,
6482936497,,5000.0,active,auto from bot,
6485426949,LAMKIENNE,15000.0,active,auto from bot,
6486766509,Hellowwtf,3100.0,active,auto from bot,
6488600781,EthanMurray06061991,1000.0,active,auto from bot,
6491912303,,0.0,active,auto from bot,
6494143437,,5000.0,active,auto from bot,
6495041036,,5100.0,active,auto from bot,
6498858013,Hehnsks,5100.0,active,auto from bot,
6504149768,ntienz8386,5100.0,active,auto from bot,
6505679443,Minhco1912,5000.0,active,auto from bot,
6506900315,Gia_Huy06,5100.0,active,auto from bot,
6512815443,,55500.0,active,auto from bot,
6513440994,Kiendzvc1,5000.0,active,auto from bot,
6518547491,yen2k12nhii,5100.0,active,auto from bot,
6519734383,Emm7767,4100.0,active,auto from bot,
6520889947,Sinh8386,5100.0,active,auto from bot,
6520982968,tuananhitbg,5000.0,active,auto from bot,
6530633508,Anhvux,98999.0,active,auto from bot,
6531931665,Rarayyii,5000.0,active,auto from bot,
6532994709,hieutranitreaI,4100.0,active,auto from bot,
6533419959,,2000.0,active,auto from bot,
6533614358,,5000.0,active,auto from bot,
6534591362,AgressiveCat1,5100.0,active,auto from bot,
6537708800,huyen2907,0.0,active,auto from bot,
6541949494,,2100.0,active,auto from bot,
6543143819,,5000.0,active,auto from bot,
6547864216,,100.0,active,auto from bot,
6548042521,epicga9999,12000.0,active,auto from bot,
6548762943,baomin12,5000.0,active,auto from bot,
6548943333,,5100.0,active,auto from bot,
6549215800,,2000.0,active,auto from bot,
6554601380,,9100.0,active,auto from bot,
6557884426,,5000.0,active,auto from bot,
6560361367,,5000.0,active,auto from bot,
6561521031,,6000.0,active,auto from bot,
6564689468,Mitu_1121,9000.0,active,auto from bot,
6565917727,,5000.0,active,auto from bot,
6566257455,,5100.0,active,auto from bot,
6572408623,,5100.0,active,auto from bot,
6577288978,,4100.0,active,auto from bot,
6583225334,DatNguyen1309,5100.0,active,auto from bot,
6586882923,,2100.0,active,auto from bot,
6589157247,,1100.0,active,auto from bot,
6590632119,phandongdzz,100.0,active,auto from bot,
6593756515,Phandongdz,100.0,active,auto from bot,
6594537023,,5100.0,active,auto from bot,
6598798756,g2ndt,5100.0,active,auto from bot,
6600051686,Aduanhemanhnguyn,4100.0,active,auto from bot,
6600883136,,5000.0,active,auto from bot,
6601534300,,0.0,active,auto from bot,
6602529561,Tuantran71,99000.0,active,auto from bot,
6606729885,,151100.0,active,auto from bot,
66109.,,0.0,active,auto from bot,
6610986410,,7000.0,active,auto from bot,
6611840603,Hongvipv,9000.0,active,auto from bot,
6612371689,,5000.0,active,auto from bot,
6614972868,wmenghuhu,0.0,active,auto from bot,
6619552305,Mickey16067,100.0,active,auto from bot,
6624535970,,5100.0,active,auto from bot,
6624729348,Gmail2026,5100.0,active,auto from bot,
6624787979,hao2802,5000.0,active,auto from bot,
6625646888,haongbinhgol,1100.0,active,auto from bot,
6629175162,,15100.0,active,auto from bot,
6629259729,,5100.0,active,auto from bot,
6632913788,thutrang5592,3000.0,active,auto from bot,
6634722496,,2000.0,active,auto from bot,
6635827310,,3100.0,active,auto from bot,
6636228873,Thuonghenry,2100.0,active,auto from bot,
6636702229,,21100.0,active,auto from bot,
6636769565,,5000.0,active,auto from bot,
6637599211,,5000.0,active,auto from bot,
6640328181,ntquynhhhh,5100.0,active,auto from bot,
6640524924,Thanhngocquynh,2000.0,active,auto from bot,
6651349210,quangbl,0.0,active,auto from bot,
6655872332,Wangsayhi,5100.0,active,auto from bot,
6660267465,congvinh175,5000.0,active,auto from bot,
6663423879,,5100.0,active,auto from bot,
666529136,dangnam88,0.0,active,auto from bot,
666632502,phucnb3,5000.0,active,auto from bot,
6667380789,,3000.0,active,auto from bot,
6671208154,lphau,5000.0,active,auto from bot,
667620778,tukktsbn,40500.0,active,auto from bot,
6679328455,Mamba10101,0.0,active,auto from bot,
6680388359,,4100.0,active,auto from bot,
6682296577,,5000.0,active,auto from bot,
6682396647,,4100.0,active,auto from bot,
6683767332,huong0406,8100.0,active,auto from bot,
6685574408,,7000.0,active,auto from bot,
6693279282,,0.0,active,auto from bot,
6693606150,,3100.0,active,auto from bot,
6696208142,,5100.0,active,auto from bot,
6700354603,,3100.0,active,auto from bot,
6710397261,Khactam0806,0.0,active,auto from bot,
6713277290,,4100.0,active,auto from bot,
6716655048,,17000.0,active,auto from bot,
6718470490,,11100.0,active,auto from bot,
6728538662,pvh25001,5100.0,active,auto from bot,
6733232809,yennhu88,19200.0,active,auto from bot,
673596752,truongkun97,18000.0,active,,
6736497558,,5000.0,active,auto from bot,
6737741195,Hihicut,2000.0,active,auto from bot,
6738076148,,5000.0,active,auto from bot,
6741258182,,5000.0,active,auto from bot,
6743087839,LeDacHoa,4100.0,active,auto from bot,
6743487252,,17000.0,active,auto from bot,
6744464034,,4100.0,active,auto from bot,
6747421851,hoangtungoc,5000.0,active,auto from bot,
6757624890,anhs04,21100.0,active,auto from bot,
6757831983,,3100.0,active,auto from bot,
6759337464,Uyen192,100.0,active,auto from bot,
6767779676,,5000.0,active,auto from bot,
6768004045,haianh1230,21000.0,active,auto from bot,
6771232511,Ptmlinh98,24000.0,active,auto from bot,
6771284396,NAT259T,2000.0,active,auto from bot,
6775984681,,7000.0,active,auto from bot,
6777817552,Poseidon209,5000.0,active,auto from bot,
6779983514,,3000.0,active,auto from bot,
6784588416,,5000.0,active,auto from bot,
6787743629,livastoreFAQ,5000.0,active,auto from bot,
6791145393,,5000.0,active,auto from bot,
6791491385,khoa7658,5000.0,active,auto from bot,
6794282136,nvq0908z,5000.0,active,auto from bot,
6794934247,,5000.0,active,auto from bot,
6801851377,,4000.0,active,auto from bot,
6802154498,,4000.0,active,auto from bot,
6802214846,,5100.0,active,auto from bot,
6802882828,,100.0,active,auto from bot,
6805625349,laviejoy2310,40000.0,active,auto from bot,
6808047530,mesto990,6200.0,active,auto from bot,
6810708678,,2000.0,active,auto from bot,
6811878099,market2fa,100.0,active,auto from bot,
6813562440,thuzaloutcococ,5100.0,active,auto from bot,
6817717909,Luu_xuan_duy,52.0,active,auto from bot,
6819802160,,12000.0,active,auto from bot,
6820450918,kimvehan,5100.0,active,auto from bot,
6820818201,nguyen19981998,0.0,active,auto from bot,
6822440322,,5100.0,active,auto from bot,
6823742156,,0.0,active,auto from bot,
6827986388,,19000.0,active,auto from bot,
6828664196,palp0k,5100.0,active,auto from bot,
6830529122,,5000.0,active,auto from bot,
6830654728,cuong1706,5000.0,active,auto from bot,
6831688599,thuythuy0104,5000.0,active,auto from bot,
6840425795,Thuytrangcv,17000.0,active,auto from bot,
6840485212,Talon291,0.0,active,auto from bot,
6840682437,longzu134,5000.0,active,auto from bot,
6841572418,,5100.0,active,auto from bot,
6842046109,,1100.0,active,auto from bot,
6843136489,ursimaginarygf,5000.0,active,auto from bot,
6846518094,,1000.0,active,auto from bot,
6849132164,healthy1234519,21250.0,active,auto from bot,
6855707444,,17000.0,active,auto from bot,
6857355646,smoftlozma,100.0,active,auto from bot,
6857487027,,100.0,active,auto from bot,
6857731717,yngtgn,0.0,active,auto from bot,
6865346513,ngocanh5828,7000.0,active,auto from bot,
6866718515,,8000.0,active,auto from bot,
6868027522,hvtienxd,1100.0,active,auto from bot,
6868757182,,3000.0,active,auto from bot,
687326958,kienintel,26100.0,active,auto from bot,
6883367002,hoanghung99k,5000.0,active,auto from bot,
6886052035,,17000.0,active,auto from bot,
6889365284,monglep,5000.0,active,auto from bot,
6894929434,,10000.0,active,auto from bot,
6899416289,cuonggnb,4000.0,active,auto from bot,
6901624327,,0.0,active,auto from bot,
6909513104,mhangz00,1100.0,active,auto from bot,
6910273820,dinhmen,4100.0,active,auto from bot,
6911746374,,5100.0,active,auto from bot,
6918182676,,3000.0,active,auto from bot,
6919687638,Huynhminh993,20000.0,active,auto from bot,
6922231492,Hieukr,5100.0,active,auto from bot,
6923391615,,5000.0,active,auto from bot,
6929179612,,5000.0,active,auto from bot,
6934268891,ngtdung1234,1100.0,active,auto from bot,
6934306902,mimcuoo1,5100.0,active,auto from bot,
6938193923,thanhuyenguyen,9000.0,active,auto from bot,
6943790218,,5000.0,active,auto from bot,
6945301609,,6000.0,active,auto from bot,
6950670898,linhnenak,43500.0,active,auto from bot,
6954387090,,5100.0,active,auto from bot,
6955802499,,5000.0,active,auto from bot,
6961542599,,5000.0,active,auto from bot,
6965694301,,4000.0,active,auto from bot,
6969472227,Dong1701ok,107400.0,active,auto from bot,
6973711860,tuyenkaka0210,5500.0,active,auto from bot,
6977655740,longvu15,3100.0,active,auto from bot,
6978070574,HuynhNhanHauLC,5100.0,active,auto from bot,
6982324623,NgLi_h,5100.0,active,auto from bot,
6988926003,,5100.0,active,auto from bot,
6989599939,Phamthihiep93,5100.0,active,auto from bot,
6993935868,Tuananhhr003,5000.0,active,auto from bot,
6994369770,,5100.0,active,auto from bot,
6995649870,,0.0,active,auto from bot,
6995746086,,5100.0,active,auto from bot,
6996344544,,1000.0,active,auto from bot,
7001874552,Haitrieu2702,0.0,active,auto from bot,
7010856439,,5000.0,active,auto from bot,
7012870166,binbeo_07,5100.0,active,auto from bot,
7013553702,lmphuong1206,4000.0,active,auto from bot,
7014139611,,15000.0,active,auto from bot,
701420854,Huutuan1503,3000.0,active,auto from bot,
7016439836,tiendung39399,4000.0,active,auto from bot,
7016455329,Hien291,3100.0,active,auto from bot,
7019109362,,2000.0,active,auto from bot,
7026383891,anhdaytien,9100.0,active,auto from bot,
7027775180,,5000.0,active,auto from bot,
7027814328,,5000.0,active,auto from bot,
7030443376,iamvql,5000.0,active,auto from bot,
7033625323,tl0989,5100.0,active,auto from bot,
7036718210,,1000.0,active,auto from bot,
7036806056,poqwsasfc,9000.0,active,auto from bot,
7037667148,DorisRossa,5000.0,active,auto from bot,
7043592894,,5100.0,active,auto from bot,
7048650804,vietphan888,4000.0,active,auto from bot,
7049128802,,5000.0,active,auto from bot,
7051100291,hop2461722,5100.0,active,auto from bot,
7051512030,thanhnam1202,239000.0,active,auto from bot,
7053190572,,5100.0,active,auto from bot,
7053804353,,5100.0,active,auto from bot,
7054315693,Daovojj,5100.0,active,auto from bot,
7055387665,Smilingbaby_04,0.0,active,auto from bot,
7056970738,hungvan15,22600.0,active,auto from bot,
7059709523,PhucLongKa121,5100.0,active,auto from bot,
7060135437,coongming01,100.0,active,auto from bot,
7060896053,,5100.0,active,auto from bot,
7067062755,tranhung8668,5000.0,active,auto from bot,
7073689928,yennamthien668,0.0,active,auto from bot,
7077664196,,0.0,active,auto from bot,
7084828852,elaina21,5000.0,active,auto from bot,
708690991,Huyhoang75,49000.0,active,auto from bot,
7093265549,,100.0,active,auto from bot,
7093270649,,0.0,active,auto from bot,
7094961927,dinhteok99,11000.0,active,auto from bot,
709545756,vinhnv2507,5000.0,active,auto from bot,
7095554688,Haf1223,5100.0,active,auto from bot,
7097730669,,0.0,active,auto from bot,
7098398212,Thudoan123,4000.0,active,auto from bot,
7101261677,hoanguyen1996,5000.0,active,auto from bot,
7105170280,,5000.0,active,auto from bot,
7105416187,,5000.0,active,auto from bot,
7107397411,,5100.0,active,auto from bot,
7109562200,dfasdf1d,5000.0,active,auto from bot,
711148980,linale123,6000.0,active,auto from bot,
7112602126,,2000.0,active,auto from bot,
7116365346,,3100.0,active,auto from bot,
7118867469,,20000.0,active,auto from bot,
7122854976,,5000.0,active,auto from bot,
7128188585,,2100.0,active,auto from bot,
7133775711,,0.0,active,auto from bot,
7134404865,,10000.0,active,auto from bot,
7135233019,,54000.0,active,auto from bot,
7136431777,,100.0,active,auto from bot,
7138710859,Anhlahoangdeptrai,5000.0,active,auto from bot,
7140251136,tomakettg,5000.0,active,auto from bot,
7141053043,hungxzc,0.0,active,auto from bot,
7141143106,Ninimany123,5000.0,active,auto from bot,
7147590892,,5000.0,active,auto from bot,
7148861781,phait234,3100.0,active,auto from bot,
7148956909,,0.0,active,auto from bot,
7151808106,Gh677d,0.0,active,auto from bot,
7153545204,dadyng,5100.0,active,auto from bot,
7153738529,ngaytieu2chuc,7000.0,active,auto from bot,
7153921630,,0.0,active,auto from bot,
7156198834,,0.0,new,auto from bot,
7164062998,botdtl,1000.0,active,auto from bot,
7166136858,Tneid22,0.0,active,auto from bot,
7166527420,abdc002,4000.0,active,auto from bot,
7168087695,Sylpha01dthw,5000.0,active,auto from bot,
7170006625,Luk668899,0.0,active,auto from bot,
7171885785,haahhee,22000.0,active,auto from bot,
7177637751,Thuanzxc,5000.0,active,auto from bot,
7177769516,Lthp130797,5000.0,active,auto from bot,
7182778851,khanglam971,100.0,active,auto from bot,
7183011246,,10000.0,active,auto from bot,
7187374253,Hoangduc1006,59500.0,active,auto from bot,
7187860281,Hienlk7613111,5100.0,active,auto from bot,
7188307032,Hop246172,100.0,active,auto from bot,
7195242975,,5100.0,active,auto from bot,
7196720047,kaka69696,0.0,active,auto from bot,
7198495381,anh55838,5000.0,active,auto from bot,
7204481462,,0.0,active,auto from bot,
7204831398,,5100.0,active,auto from bot,
7209922676,,5100.0,active,auto from bot,
7213361241,vanngoc989898,100.0,active,auto from bot,
7217341084,,2000.0,active,auto from bot,
7226913905,,5000.0,active,auto from bot,
7228604893,,8000.0,active,auto from bot,
7230216202,mulez01,5100.0,active,auto from bot,
7236578607,dangkhactung05,7000.0,active,auto from bot,
7237966643,,0.0,active,auto from bot,
7240707031,,5000.0,active,auto from bot,
7241955651,manhpro27,5100.0,active,auto from bot,
7246402899,,5000.0,active,auto from bot,
725344426,phanlien,5000.0,active,auto from bot,
7255998107,,15000.0,active,auto from bot,
7261344184,tungduong185,5000.0,active,auto from bot,
7267415474,,5100.0,active,auto from bot,
7268071805,,5000.0,active,auto from bot,
7268615164,zedfeed2022,0.0,active,auto from bot,
7272354380,caheoxanh113,5000.0,active,auto from bot,
7275058078,,100.0,active,auto from bot,
7278206461,ducthe1818,5000.0,active,auto from bot,
7279639543,maria89877,0.0,active,auto from bot,
7283991604,,5000.0,active,auto from bot,
7286181495,,5000.0,active,auto from bot,
7288731628,behokkkk,2100.0,active,auto from bot,
7292121220,tanhlbb,5100.0,active,auto from bot,
7297574858,,5000.0,active,auto from bot,
7310986624,minhtammn,5100.0,active,auto from bot,
7312859742,,100.0,active,auto from bot,
7324671644,,100.0,active,auto from bot,
732547985,KenSeven,5000.0,active,auto from bot,
7327044804,dce2106,5000.0,active,auto from bot,
7332246129,,4100.0,active,auto from bot,
7332314856,,5100.0,active,auto from bot,
7332699007,anpy1986,0.0,active,auto from bot,
7333070556,,1000.0,active,auto from bot,
7333798872,hoangthanh9992,1000.0,active,auto from bot,
7337973421,wyn_18119,0.0,active,auto from bot,
7338917639,haune003,5100.0,active,auto from bot,
7343656130,ngocn4,5000.0,active,auto from bot,
7345149419,Tranmmm9d,5000.0,active,auto from bot,
7346633088,lowiii03,15000.0,active,auto from bot,
7353769196,,0.0,active,auto from bot,
7363403135,kajiren02122003,5100.0,active,auto from bot,
7366362254,,5000.0,active,auto from bot,
7375016152,Sinodan669,5000.0,active,auto from bot,
7377786641,Jessiekim9499,5100.0,active,auto from bot,
738000103,lie88118,4000.0,active,auto from bot,
7380066998,bapbingokhoai22,5000.0,active,auto from bot,
7382068434,,100.0,active,auto from bot,
7385274203,,5000.0,active,auto from bot,
7385698970,,4100.0,active,auto from bot,
7392773604,,13000.0,active,auto from bot,
7398706388,,5100.0,active,auto from bot,
740134355,Tranminhtoan,500.0,active,auto from bot,
7403163495,spmmo69,8000.0,active,auto from bot,
7408651550,shukasu111,11000.0,active,auto from bot,
7410097010,,5100.0,active,auto from bot,
7412757556,,9000.0,active,auto from bot,
7418355120,Khanhlong189,5000.0,active,auto from bot,
7424507199,sandra88868,0.0,active,auto from bot,
7426796269,lephivuu,5100.0,active,auto from bot,
7430913029,,5000.0,active,auto from bot,
7433853411,sunxinh_05,5100.0,active,auto from bot,
7438214549,,5000.0,active,auto from bot,
7439809977,laylaihet,5000.0,active,auto from bot,
7441394815,nylh6_12,13000.0,active,auto from bot,
7441435501,,26000.0,active,auto from bot,
7442430960,,5100.0,active,auto from bot,
7445498722,Chuyenviv,4100.0,active,auto from bot,
7446335133,iempaincte,7100.0,active,auto from bot,
7448193289,,5100.0,active,auto from bot,
7448400305,sharkngu22,5000.0,active,auto from bot,
7448687970,tamanh992,5100.0,active,auto from bot,
7453485768,hungngoc1o2,3000.0,active,auto from bot,
7467929258,kadik889,0.0,active,auto from bot,
7470161466,,5000.0,active,auto from bot,
7471420649,Zeinndayy,5000.0,active,auto from bot,
7471629483,,5100.0,active,auto from bot,
7475384794,nguyenvanhieudepzai,5100.0,active,auto from bot,
7476263632,Dkny6689,0.0,active,auto from bot,
7480777854,larryng0210,5100.0,active,auto from bot,
7487400900,osijszjznzb,0.0,active,auto from bot,
7487964866,taismile313,5100.0,active,auto from bot,
7491873915,,5100.0,active,auto from bot,
7498637305,Nhu237,5100.0,active,auto from bot,
749924355,OtisCD99,5000.0,active,auto from bot,
7499876926,trnminhthusu958,100.0,active,auto from bot,
7500332652,,17000.0,active,auto from bot,
7520599148,,0.0,active,auto from bot,
7522225290,Kennguyen1924,0.0,active,auto from bot,
7523247728,,7000.0,active,auto from bot,
7524540572,hailua886699,0.0,active,auto from bot,
7531691613,,5000.0,active,auto from bot,
7532494052,Vananlell,5000.0,active,auto from bot,
7540313311,,24500.0,active,auto from bot,
7541138569,Ongnoichuot,100.0,active,auto from bot,
7544193315,anhthu_12306801,5100.0,active,auto from bot,
7545167955,Linhhoncuagio1994,999.0,active,auto from bot,
7546680890,anhlananha,3100.0,active,auto from bot,
7550143986,htn0990,0.0,active,auto from bot,
7551609276,,5100.0,active,auto from bot,
7553013020,,5000.0,active,auto from bot,
7553546818,,39500.0,active,auto from bot,
7553707552,,0.0,active,auto from bot,
7555003662,,5000.0,active,auto from bot,
7564079631,turen902,5000.0,active,auto from bot,
7567329339,Leivrony,5100.0,active,auto from bot,
7568057021,,5100.0,active,auto from bot,
7570598120,,5100.0,active,auto from bot,
7571957849,,5100.0,active,auto from bot,
7573471447,,5100.0,active,auto from bot,
7579225594,,0.0,active,auto from bot,
7579605192,,0.0,active,auto from bot,
7585652611,nhinhi2222222,5000.0,active,auto from bot,
7587529884,,5100.0,active,auto from bot,
7594546960,,0.0,active,auto from bot,
7605678593,,1000.0,active,auto from bot,
7609697303,,0.0,active,auto from bot,
7610613995,,8000.0,active,auto from bot,
7616990261,,5100.0,active,auto from bot,
7620769171,,5000.0,active,auto from bot,
7621110662,,5000.0,active,auto from bot,
7623701760,apolo2359,5000.0,active,auto from bot,
7624234183,,8000.0,active,auto from bot,
7631410477,theshyxunghe,5000.0,active,auto from bot,
7632147738,,2000.0,active,auto from bot,
7634575145,,2100.0,active,auto from bot,
7638685273,vlxx25,0.0,active,auto from bot,
7641380968,tamnguyen81,1000.0,active,auto from bot,
7642157844,vndgt123,9000.0,active,auto from bot,
7644267321,Hoang123hhh,5000.0,active,auto from bot,
7648965687,,5100.0,active,auto from bot,
7651869809,Seleyna_11,2100.0,active,auto from bot,
7652376724,,5100.0,active,auto from bot,
7658230678,,0.0,active,auto from bot,
7666094457,,3000.0,active,auto from bot,
7685693687,justcallNckx,5100.0,active,auto from bot,
7693209351,lethanh9242,2000.0,active,auto from bot,
7694253152,doanphuong1964,5100.0,active,auto from bot,
7694402513,dinhkhai0102,3100.0,active,auto from bot,
7694706689,TuongServise,3100.0,active,auto from bot,
7696737631,,0.0,active,auto from bot,
7697095009,,0.0,active,auto from bot,
7698345068,avbcdf123,10000.0,active,auto from bot,
7707183102,Hackerchongscam,5100.0,active,auto from bot,
7711071632,dangkhactung122,0.0,active,auto from bot Ban Vĩnh Viễn,
7720092252,,0.0,active,auto from bot,
772671832,doankhiem1007,4600.0,active,auto from bot,
7730584499,,5100.0,active,auto from bot,
7730939847,,0.0,active,auto from bot,
7736218082,khhanhquoc,5100.0,active,auto from bot,
7736749830,hangmeomeo,109000.0,active,auto from bot,
7742932097,,5100.0,active,auto from bot,
7744047803,trann189,5000.0,active,auto from bot,
7744245004,,5000.0,active,auto from bot,
7744520688,,12000.0,active,auto from bot,
7749099703,,5100.0,active,auto from bot,
7752019363,,1000.0,active,auto from bot,
7752194955,namquangzz,5000.0,active,auto from bot,
7754675788,Diephaitrieu,5100.0,active,auto from bot,
7759836571,,5000.0,active,auto from bot,
7763429732,Canghang777,5000.0,active,auto from bot,
7764013356,Tuyphong1993,100.0,active,auto from bot,
7765092309,,5100.0,active,auto from bot,
7765864813,,5000.0,active,auto from bot,
7770435599,Dtkccc2011,3100.0,active,auto from bot,
777455986,Pet_P0,5000.0,active,auto from bot,
7776166140,,5000.0,active,auto from bot,
7781876093,,1000.0,active,auto from bot,
7783819178,,5100.0,active,auto from bot,
7789222869,dung2k13,5100.0,active,auto from bot,
7789955220,,100.0,active,auto from bot,
7791700065,SimOtpPhatLoc,4000.0,active,auto from bot,
7794977915,,5100.0,active,auto from bot,
7795036846,,5100.0,active,auto from bot,
7799060428,,5100.0,active,auto from bot,
7799453803,,5100.0,active,auto from bot,
7804820422,MF01097,5000.0,active,auto from bot,
7806017353,huyen123452,5100.0,active,auto from bot,
7809237183,hoantien01,8000.0,active,auto from bot,
7817529102,,4000.0,active,auto from bot,
7822571829,,5000.0,active,auto from bot,
7828088515,,5100.0,active,auto from bot,
7836590857,,5100.0,active,auto from bot,
7837080890,thaovu1234,10000.0,active,auto from bot,
7839625725,Nthuong0,0.0,active,auto from bot,
7845111538,bon68886,5000.0,active,auto from bot,
7846600382,,1100.0,active,auto from bot,
7847356193,,21100.0,active,auto from bot,
7849827786,doibuonjqkaaaaa,5000.0,active,auto from bot,
7852473824,,9000.0,active,auto from bot,
7856817268,,5100.0,active,auto from bot,
7857860396,nihaozbu,5100.0,active,auto from bot,
7858340637,bck0203,4000.0,active,auto from bot,
7861324265,,0.0,active,auto from bot,
7861660123,,12000.0,active,auto from bot,
7863223135,,10000.0,active,auto from bot,
7872570973,Huynhthanhsang1,4100.0,active,auto from bot,
787988077,nguyennam6556,0.0,active,auto from bot,
7884179168,,5000.0,active,auto from bot,
7890020739,,100.0,active,auto from bot,
7894820628,,100.0,active,auto from bot,
7897683081,dangkhactung7,0.0,active,auto from bot Ban Vĩnh Viễn,
7898375630,,0.0,active,auto from bot,
7899047178,,2000.0,active,auto from bot,
7899268326,,5000.0,active,auto from bot,
7912912008,Toanjpan,0.0,active,auto from bot,
7914598262,kamiz887,1000.0,active,auto from bot,
7921501670,,5100.0,active,auto from bot,
7922517991,,5000.0,active,auto from bot Ban Vĩnh Viễn,
7926831053,hellominion1,3000.0,active,auto from bot,
7927227086,vuadop,5100.0,active,auto from bot,
7933498138,,5100.0,active,auto from bot,
7934671380,,4100.0,active,auto from bot,
7934962903,camu22,5100.0,active,auto from bot,
7935259309,,15000.0,active,auto from bot,
7935277685,baoanhiu,5100.0,active,auto from bot,
7938666628,hh8673,5000.0,active,auto from bot,
7939642761,longthanhlota,5100.0,active,auto from bot,
7945119169,,10100.0,active,auto from bot,
7948335210,Doan11200,5000.0,active,auto from bot,
7949736394,,5000.0,active,auto from bot,
7952164758,ntl01117,17100.0,active,auto from bot,
7952748840,,5000.0,active,auto from bot,
7954385838,,1100.0,active,auto from bot,
7954563008,,5100.0,active,auto from bot,
7955023948,hoangtfzs,1100.0,active,auto from bot,
7955678126,,5100.0,active,auto from bot,
7956520892,Hunghudd,5000.0,active,auto from bot,
7957096021,,5000.0,active,auto from bot,
7958821531,nederrona,5100.0,active,auto from bot,
7959175088,,3000.0,active,auto from bot,
7968711771,hihihahak8,2000.0,active,auto from bot,
7970352238,nguyennguyen123451,4000.0,active,auto from bot,
7970566565,,5100.0,active,auto from bot,
7975479450,AidzLT,5100.0,active,auto from bot,
7978237633,taidzlam,5100.0,active,auto from bot,
7978309813,,5000.0,active,auto from bot,
7982265069,,5100.0,active,auto from bot,
7982346486,,5100.0,active,auto from bot,
7982685986,,100.0,active,auto from bot,
7993667576,,5100.0,active,auto from bot,
7994583194,,5000.0,active,auto from bot,
8002318107,,15000.0,active,auto from bot,
8011254972,,100.0,active,auto from bot,
8011922708,,5000.0,active,auto from bot,
8012651677,,100.0,active,auto from bot,
8019801578,BuDienne,5100.0,active,auto from bot,
8020625802,Star_gazer020,5000.0,active,auto from bot,
8021552249,,5000.0,active,auto from bot,
8022309270,dangkhactung11,0.0,active,auto from bot Ban Vĩnh Viễn,
8023227352,,5100.0,active,auto from bot,
8028478196,,0.0,active,auto from bot,
8029895695,,0.0,active,auto from bot,
8031911505,thznam1,0.0,active,auto from bot,
8032654132,,3100.0,active,auto from bot,
8035798801,,2100.0,active,auto from bot,
8036360238,nickowincool,5000.0,active,auto from bot,
8036437967,thang7373,2100.0,active,auto from bot,
8038419290,,5100.0,active,auto from bot,
803977828,autruongan,0.0,new,auto from bot,
8041930426,,4100.0,active,auto from bot,
8043701685,tinhyeulon,3000.0,active,auto from bot,
8043972006,,0.0,active,auto from bot,
8045679832,,5100.0,active,auto from bot,
8045846971,hoangbachlang8888,7000.0,active,auto from bot,
8050411003,,5000.0,active,auto from bot,
8050822275,,0.0,active,auto from bot,
8055104064,dthigiang,5100.0,active,auto from bot,
8067478875,,5100.0,active,auto from bot,
8070232515,nqocahndangiu016,5100.0,active,auto from bot,
8072574293,NOLE6866,100.0,active,auto from bot,
8072944041,Baycaicode,1000.0,active,auto from bot,
8074971730,,9000.0,active,auto from bot,
8081821308,,2000.0,active,auto from bot,
8083133663,,3100.0,active,auto from bot,
8083675541,bacx2000,4000.0,active,auto from bot,
8097013001,,4000.0,active,auto from bot,
8100238097,,1100.0,active,auto from bot,
8103593208,,5100.0,active,auto from bot,
8105229851,,5000.0,active,auto from bot,
810660647,Huybui0091,100.0,active,auto from bot,
8107111185,,5100.0,active,auto from bot,
8109309209,,6000.0,active,auto from bot,
8115457263,zzz2929,5100.0,active,auto from bot,
8117965131,,10300.0,active,auto from bot,
8118953228,,0.0,active,auto from bot,
8124968649,,5100.0,active,auto from bot,
8126102090,,100.0,active,auto from bot,
8132285152,,100.0,active,auto from bot,
8138772284,,7000.0,active,auto from bot,
8141222721,,5100.0,active,auto from bot,
8141827517,,5000.0,active,auto from bot,
8142083979,,0.0,active,auto from bot,
8144574363,,5000.0,active,auto from bot,
8146552526,,1000.0,active,auto from bot,
8150661805,,5000.0,active,auto from bot,
8155457908,,5100.0,active,auto from bot,
8156337382,dangkhactung12,0.0,active,auto from bot Ban Vĩnh Viễn,
815732924,,11100.0,active,auto from bot,
8158769553,,9000.0,active,auto from bot,
8160128919,,0.0,active,auto from bot,
8163194767,,2100.0,active,auto from bot,
8163604810,,1100.0,active,auto from bot,
8166213280,,0.0,active,auto from bot,
8166521765,,6000.0,active,auto from bot,
8168300582,,5100.0,active,auto from bot,
8169724180,,20100.0,active,auto from bot,
8170163809,,22000.0,active,auto from bot,
8174326836,,5100.0,active,auto from bot,
8175786940,,5100.0,active,auto from bot,
8177488825,,100.0,active,auto from bot,
8178325246,hlinh1906,5100.0,active,auto from bot,
8178849291,,5100.0,active,auto from bot,
8181859428,,22000.0,active,auto from bot,
8184345958,nhanquacuucon,0.0,active,auto from bot,
8188655401,,21000.0,active,auto from bot,
8205131295,,0.0,active,auto from bot,
8206548465,,6100.0,active,auto from bot,
8208532417,justonly6469,4100.0,active,auto from bot,
8208935530,,51000.0,active,auto from bot,
8208973482,,100.0,active,auto from bot,
8210016080,,0.0,active,auto from bot,
8211432352,,0.0,active,auto from bot,
8212108805,,100.0,active,auto from bot,
8214597855,,100.0,active,auto from bot,
8215043265,,44600.0,active,auto from bot,
8217679433,,4100.0,active,auto from bot,
8217773419,Trhung06,5100.0,active,auto from bot,
8219402541,,1100.0,active,auto from bot,
8220056084,,0.0,active,auto from bot,
8220370966,,5000.0,active,auto from bot,
8220399029,,0.0,active,auto from bot,
8220529226,,100.0,active,auto from bot,
8222368870,Liubang24,5000.0,active,auto from bot,
8223396766,Vippejdh,5100.0,active,auto from bot,
8228825823,dangkhactung9,5000.0,active,auto from bot,Ban Vĩnh Viễn
8231003440,,4100.0,active,auto from bot,
8232493804,,4100.0,active,auto from bot,
8232834440,dangkhactung6,0.0,active,auto from bot ,
8237400696,,5000.0,active,auto from bot,Ban Vĩnh Viễn
8242629664,,5000.0,active,auto from bot,
8244309001,,5100.0,active,auto from bot,
8249057503,,0.0,active,auto from bot,
8252205166,,5000.0,active,auto from bot,
8254550310,,100.0,active,auto from bot,
8256054230,,2100.0,active,auto from bot,
8258958837,,100.0,active,auto from bot,
8262712748,,100.0,active,auto from bot,
8266068647,,5000.0,active,auto from bot,
8268964902,,8100.0,active,auto from bot,
827078728,Phamthinh2k,5100.0,active,auto from bot,
8274892691,,100.0,active,auto from bot,
8275044387,,100.0,active,auto from bot,
8276024877,,5000.0,active,auto from bot,
8278903740,,0.0,active,auto from bot,
8279647183,,9000.0,active,auto from bot,
8280629464,,1000.0,active,auto from bot,
8283485101,,4100.0,active,auto from bot,
8288101280,,5100.0,active,auto from bot,
8288540294,,0.0,active,auto from bot,
8290868814,,0.0,active,auto from bot,
8292089222,,0.0,active,auto from bot,
8296516573,,1100.0,active,auto from bot,
8300136689,,5000.0,active,auto from bot,
8303173387,,0.0,active,auto from bot,
8305797819,Chi_uy_tin,2100.0,active,auto from bot,
8307117544,,0.0,active,auto from bot,
8318299293,,1100.0,active,auto from bot,
8321659510,Tian361989,5100.0,active,auto from bot,
8322858632,fedorax25,5100.0,active,auto from bot,
8324158650,,16000.0,active,auto from bot,
8325754999,,111111.0,active,auto from bot,
8326004453,,5100.0,active,auto from bot,
8326617248,,22100.0,active,auto from bot,
8328113230,,1000.0,active,auto from bot,
8331551484,,5100.0,active,auto from bot,
8335807771,thyhoang2,18000.0,active,auto from bot,
8337345448,,100.0,active,auto from bot,
8344236044,,5000.0,active,auto from bot,
8346445127,Thanhsu3112,5000.0,active,auto from bot,
8347229907,phatpham30,5000.0,active,auto from bot,
8350761438,,5100.0,active,auto from bot,
8350935827,phuongtr09,5000.0,active,auto from bot,
8353153920,,3100.0,active,auto from bot,
8354166179,,4100.0,active,auto from bot,
8354252189,,5100.0,active,auto from bot,
8357914365,,8100.0,active,auto from bot,
8360259960,,100.0,active,auto from bot,
8360611011,,3100.0,active,auto from bot,
8362039906,,100.0,active,auto from bot,
8366227106,,0.0,active,auto from bot,
8368263205,,0.0,active,auto from bot,
8369458858,beellamee,5000.0,active,auto from bot,
8371948404,,56000.0,active,auto from bot,
8374274259,,2100.0,active,auto from bot,
8376371539,,5100.0,active,auto from bot,
8377077571,,100.0,active,auto from bot,
8377230175,,2500.0,active,auto from bot,
8384960756,heliprov1,14100.0,active,auto from bot,
8385227459,,5100.0,active,auto from bot,
8387023605,,100.0,active,auto from bot,
8389292348,,0.0,active,auto from bot,
8392965536,danghadung0,0.0,active,auto from bot,
8394122118,Hoanganh1962,5000.0,active,auto from bot,
8399647377,,4000.0,active,auto from bot,
8400678410,ElPulga95,100.0,active,auto from bot,
8403597831,,5100.0,active,auto from bot,
8404653792,nguyenmo1997,5000.0,active,auto from bot,
8404970981,,5000.0,active,auto from bot,
8407075984,,5100.0,active,auto from bot,
8411923484,,5100.0,active,auto from bot,
8412036486,phanhoangg,5100.0,active,auto from bot,
8413571043,thaisvizi,5000.0,active,auto from bot,
8414954572,,0.0,active,auto from bot,
8417221215,Taobondaulam,4100.0,active,auto from bot,
8417509405,,5100.0,active,auto from bot,
8418751094,Oahdhaldndbaj,6000.0,active,auto from bot,
8423520874,cherryday0,1000.0,active,auto from bot,
8424696012,,4000.0,active,auto from bot,
8429621394,Hongle1102,5000.0,active,auto from bot,
8430276091,,100.0,active,auto from bot,
8436046915,,5000.0,active,auto from bot,
8439388264,,100.0,active,auto from bot,
8442465004,,0.0,active,auto from bot,
8444398757,,4100.0,active,auto from bot,
8444611291,,17000.0,active,auto from bot,
8445176682,,100.0,active,auto from bot,
8445911167,,7000.0,active,auto from bot,
8446429741,,5100.0,active,auto from bot,
8451186738,,8000.0,active,auto from bot,
8457669207,dangkhactung15,0.0,active,auto from bot Ban Vĩnh Viễn,Ban Vĩnh Viễn
845887323,ChillyZR,1100.0,active,auto from bot,
8462588838,,5000.0,active,auto from bot,
8462797120,Hazzzhii,4100.0,active,auto from bot,
8467316059,,5100.0,active,auto from bot,
8470185811,,100.0,active,auto from bot,
8471113036,,5100.0,active,auto from bot,
8471278881,,5000.0,active,auto from bot,
8471363611,,0.0,active,auto from bot,
8473550078,blackwhitemmo,1000.0,active,auto from bot,
8477067018,,2100.0,active,auto from bot,
8477687870,tahh72737,5100.0,active,auto from bot,
8478152262,dangkhactung8,5000.0,active,auto from bot Ban Vĩnh Viễn,Ban Vĩnh Viễn
8478480834,,4100.0,active,auto from bot,
8480505159,ducthanga,43100.0,active,auto from bot,
8486438653,,3100.0,active,auto from bot,
8488175379,,5000.0,active,auto from bot,
8495221789,,100.0,active,auto from bot,
8495619095,nhiemvummozalo,100.0,active,auto from bot,
8495649908,,0.0,active,auto from bot,
8498932010,,5100.0,active,auto from bot,
8502174408,,0.0,active,auto from bot,
8504384682,,100.0,active,auto from bot,
8507642218,,5000.0,active,auto from bot,
8509605269,,5000.0,active,auto from bot,
8509750098,,0.0,active,auto from bot,
8510620243,,5000.0,active,auto from bot,
8510810723,dangkhactung5,0.0,active,auto from bot Ban Vĩnh Viễn,Ban Vĩnh Viễn
8511554771,,1100.0,active,auto from bot,
8511905936,,4100.0,active,auto from bot,
8513441623,,5100.0,active,auto from bot,
8514736038,,3100.0,active,auto from bot,
8515680974,,20000.0,active,auto from bot,
8517898767,,10000.0,active,auto from bot,
8521171053,,4100.0,active,auto from bot,
8521398617,,4000.0,active,auto from bot,
8524024515,,5100.0,active,auto from bot,
852572613,,19000.0,active,auto from bot,
8525846885,,4000.0,active,auto from bot,
8526364082,,3100.0,active,auto from bot,
8527068861,,5100.0,active,auto from bot,
8527139387,,1100.0,active,auto from bot,
8527558993,hieuhau1997,34600.0,active,auto from bot,
8528120691,,0.0,active,auto from bot,
8535413742,,5000.0,active,auto from bot,
853606309,dddd22141,3100.0,active,auto from bot,
8539039294,,0.0,active,auto from bot,
8539311993,,1100.0,active,auto from bot,
8542262222,,0.0,active,auto from bot,
8543539680,,22200.0,active,auto from bot,
8546767392,,0.0,active,auto from bot,
8548385264,,1100.0,active,auto from bot,
8549151763,,100.0,active,auto from bot,
8551890514,,3100.0,active,auto from bot,
8552314825,,5100.0,active,auto from bot,
8552642446,,5000.0,active,auto from bot,
8552703240,,5000.0,active,auto from bot,
8555351788,,18500.0,active,auto from bot,
8557824242,,4000.0,active,auto from bot,
8561195709,,6000.0,active,auto from bot,
8562943809,,3100.0,active,auto from bot,
8563333523,,4000.0,active,auto from bot,
8564747397,,5100.0,active,auto from bot,
8566580746,hoaiphan_lz,100.0,active,auto from bot,
8567147541,,5100.0,active,auto from bot,
8573281940,,0.0,active,auto from bot,
8575588170,,0.0,active,auto from bot,
8576325676,,5100.0,active,auto from bot,
8577513419,,100.0,active,auto from bot,
8580361069,,5000.0,active,auto from bot,
8580496315,,3000.0,active,auto from bot,
8580601199,,4000.0,active,auto from bot,
8581291269,,100.0,active,auto from bot,
8584189677,xviell7,5000.0,active,auto from bot,
8584249746,,8300.0,active,auto from bot,
8584598573,,5100.0,active,auto from bot,
8584868797,,5000.0,active,auto from bot,
8586234910,,0.0,active,auto from bot,
8586917616,,3100.0,active,auto from bot,
8587182089,,5000.0,active,auto from bot,
8589385088,,0.0,active,auto from bot,
8590617181,,5100.0,active,auto from bot,
8592889007,,5000.0,active,auto from bot,
8593724607,linhtranpt,5100.0,active,auto from bot,
8594013942,,100.0,active,auto from bot,
8597483922,,3100.0,active,auto from bot,
8597661590,,1000.0,active,auto from bot,
8598262723,,0.0,active,auto from bot,
868033216,aoxuankhang,3100.0,active,auto from bot,
875295186,BomSmoke,100.0,active,auto from bot,
875680011,vutovube,5000.0,active,auto from bot,
879444264,lenguyen1235,2000.0,active,auto from bot,
886422788,Diligentt,5000.0,active,auto from bot,
912785753,Capheny2,2500.0,active,auto from bot,
936371320,kun18x,5100.0,active,auto from bot,
940896100,eou_brnkh,5000.0,active,auto from bot,
945477190,TS_Zero,0.0,active,auto from bot,
949510415,,5100.0,active,auto from bot,
952633234,screenslaver89,5000.0,active,auto from bot,
958662957,Bibi_hdo,4100.0,active,auto from bot,
965567844,nvdragon,5100.0,active,auto from bot,
967847563,Hoangthuc090,62000.0,active,auto from bot,
972166639,hung311299,5000.0,active,auto from bot,
973669977,MartinNgoc,5000.0,active,auto from bot,
977974543,anhduydzvl1,5100.0,active,auto from bot,
979065345,,25500.0,active,auto from bot,
986904250,khoaphamqs,5000.0,active,auto from bot,
987692019,thehuy7,100.0,active,auto from bot,
997003774,Amma22222,5000.0,active,auto from bot,
997216177,bixanan,5000.0,active,auto from bot,
997393241,chuhong198,5000.0,active,auto from bot,
